Date,Open,High,Low,Close
12/31/2010,11569.33 ,11597.41 ,11530.32 ,11577.51 
12/30/2010,11585.30 ,11594.38 ,11551.93 ,11569.71 
12/29/2010,11572.74 ,11625.00 ,11572.66 ,11585.38 
12/28/2010,11554.80 ,11591.13 ,11541.14 ,11575.54 
12/27/2010,11572.81 ,11573.19 ,11518.44 ,11555.03 
12/23/2010,11559.11 ,11580.84 ,11542.62 ,11573.49 
12/22/2010,11532.17 ,11566.99 ,11528.08 ,11559.49 
12/21/2010,11478.36 ,11549.12 ,11478.29 ,11533.16 
12/20/2010,11491.30 ,11517.07 ,11442.68 ,11478.13 
12/17/2010,11499.02 ,11503.18 ,11451.00 ,11491.91 
12/16/2010,11458.00 ,11514.84 ,11421.30 ,11499.25 
12/15/2010,11475.64 ,11519.04 ,11445.67 ,11457.47 
12/14/2010,11429.24 ,11514.08 ,11428.94 ,11476.54 
12/13/2010,11406.16 ,11480.03 ,11405.33 ,11428.56 
12/10/2010,11370.44 ,11413.69 ,11357.72 ,11410.32 
12/09/2010,11370.36 ,11413.35 ,11331.50 ,11370.06 
12/08/2010,11354.30 ,11389.09 ,11327.49 ,11372.48 
12/07/2010,11363.85 ,11450.89 ,11354.09 ,11359.16 
12/06/2010,11381.33 ,11392.08 ,11350.27 ,11362.19 
12/03/2010,11361.88 ,11388.87 ,11318.82 ,11382.09 
12/02/2010,11255.93 ,11373.80 ,11255.85 ,11362.41 
12/01/2010,11007.23 ,11276.10 ,11007.23 ,11255.78 
11/30/2010,11049.72 ,11062.63 ,10942.98 ,11006.02 
11/29/2010,11083.75 ,11083.82 ,10929.28 ,11052.49 
11/26/2010,11183.50 ,11183.50 ,11067.17 ,11092.00 
11/24/2010,11037.35 ,11195.99 ,11037.35 ,11187.28 
11/23/2010,11177.60 ,11180.17 ,10992.17 ,11036.37 
11/22/2010,11201.66 ,11206.05 ,11054.53 ,11178.58 
11/19/2010,11180.77 ,11206.17 ,11119.24 ,11203.55 
11/18/2010,11010.49 ,11199.69 ,11010.34 ,11181.23 
11/17/2010,11017.83 ,11042.16 ,10990.81 ,11007.88 
11/16/2010,11194.70 ,11194.70 ,10978.93 ,11023.50 
11/15/2010,11194.02 ,11280.90 ,11189.10 ,11201.97 
11/12/2010,11281.28 ,11283.70 ,11143.84 ,11192.58 
11/11/2010,11326.69 ,11326.77 ,11231.22 ,11283.10 
11/10/2010,11342.81 ,11366.16 ,11255.02 ,11357.04 
11/09/2010,11403.59 ,11421.14 ,11303.19 ,11346.75 
11/08/2010,11439.54 ,11439.61 ,11362.53 ,11406.84 
11/05/2010,11435.22 ,11451.53 ,11393.52 ,11444.08 
11/04/2010,11216.65 ,11440.37 ,11216.65 ,11434.84 
11/03/2010,11184.88 ,11226.64 ,11097.37 ,11215.13 
11/02/2010,11125.22 ,11219.52 ,11125.22 ,11188.72 
11/01/2010,11120.30 ,11244.27 ,11062.33 ,11124.62 
10/29/2010,11120.45 ,11131.01 ,11075.80 ,11118.49 
10/28/2010,11127.34 ,11179.34 ,11052.60 ,11113.95 
10/27/2010,11168.40 ,11168.40 ,11020.82 ,11126.28 
10/26/2010,11163.14 ,11184.82 ,11087.00 ,11169.46 
10/25/2010,11133.40 ,11247.60 ,11132.34 ,11164.05 
10/22/2010,11146.41 ,11159.05 ,11109.25 ,11132.56 
10/21/2010,11105.24 ,11213.54 ,11066.19 ,11146.57 
10/20/2010,10974.52 ,11152.88 ,10970.89 ,11107.97 
10/19/2010,11139.60 ,11139.60 ,10917.62 ,10978.62 
10/18/2010,11062.63 ,11159.05 ,11054.76 ,11143.69 
10/15/2010,11096.01 ,11141.19 ,11010.68 ,11062.78 
10/14/2010,11096.99 ,11112.20 ,11023.54 ,11094.57 
10/13/2010,11022.82 ,11155.23 ,11022.07 ,11096.08 
10/12/2010,11010.79 ,11053.21 ,10913.84 ,11020.40 
10/11/2010,11006.93 ,11030.50 ,10977.90 ,11010.34 
10/08/2010,10948.50 ,11032.17 ,10929.28 ,11006.48 
10/07/2010,10968.41 ,10998.53 ,10892.76 ,10948.58 
10/06/2010,10936.79 ,10974.16 ,10918.57 ,10967.65 
10/05/2010,10752.78 ,10965.61 ,10752.63 ,10944.72 
10/04/2010,10828.85 ,10853.71 ,10711.12 ,10751.27 
10/01/2010,10789.72 ,10866.54 ,10780.64 ,10829.68 
09/30/2010,10836.04 ,10948.88 ,10745.44 ,10788.05 
09/29/2010,10857.98 ,10869.26 ,10798.88 ,10835.28 
09/28/2010,10809.17 ,10886.21 ,10728.64 ,10858.14 
09/27/2010,10860.03 ,10873.20 ,10809.62 ,10812.04 
09/24/2010,10664.39 ,10865.78 ,10664.31 ,10860.26 
09/23/2010,10738.48 ,10761.94 ,10640.92 ,10662.42 
09/22/2010,10761.11 ,10805.38 ,10708.40 ,10739.31 
09/21/2010,10753.39 ,10833.39 ,10717.74 ,10761.03 
09/20/2010,10608.08 ,10774.13 ,10608.08 ,10753.62 
09/17/2010,10595.51 ,10650.16 ,10567.36 ,10607.85 
09/16/2010,10571.75 ,10603.69 ,10522.48 ,10594.83 
09/15/2010,10526.42 ,10587.80 ,10480.78 ,10572.73 
09/14/2010,10544.73 ,10588.32 ,10499.70 ,10526.49 
09/13/2010,10458.60 ,10567.59 ,10458.60 ,10544.13 
09/10/2010,10415.01 ,10471.28 ,10403.17 ,10462.77 
09/09/2010,10388.14 ,10476.62 ,10386.63 ,10415.24 
09/08/2010,10338.49 ,10426.70 ,10335.69 ,10387.01 
09/07/2010,10446.80 ,10446.80 ,10332.40 ,10340.69 
09/03/2010,10321.92 ,10451.15 ,10321.84 ,10447.93 
09/02/2010,10270.08 ,10320.37 ,10253.96 ,10320.10 
09/01/2010,10016.01 ,10279.08 ,10016.01 ,10269.47 
08/31/2010,10006.42 ,10073.38 ,9941.84 ,10014.72 
08/30/2010,10145.58 ,10150.57 ,10007.68 ,10009.73 
08/27/2010,9982.18 ,10159.88 ,9936.62 ,10150.65 
08/26/2010,10059.90 ,10104.71 ,9968.10 ,9985.81 
08/25/2010,10040.15 ,10097.40 ,9937.98 ,10060.06 
08/24/2010,10173.05 ,10173.05 ,9991.18 ,10040.45 
08/23/2010,10215.51 ,10304.70 ,10170.29 ,10174.41 
08/20/2010,10270.98 ,10270.98 ,10147.24 ,10213.62 
08/19/2010,10369.98 ,10412.29 ,10202.34 ,10271.21 
08/18/2010,10398.59 ,10472.30 ,10330.02 ,10415.54 
08/17/2010,10297.63 ,10480.44 ,10297.47 ,10405.85 
08/16/2010,10303.07 ,10333.12 ,10209.53 ,10302.01 
08/13/2010,10320.33 ,10354.92 ,10285.44 ,10303.15 
08/12/2010,10361.58 ,10361.65 ,10268.71 ,10319.95 
08/11/2010,10631.82 ,10631.90 ,10367.33 ,10378.83 
08/10/2010,10696.63 ,10700.71 ,10551.62 ,10644.25 
08/09/2010,10654.62 ,10719.94 ,10649.40 ,10698.75 
08/06/2010,10668.55 ,10668.70 ,10515.37 ,10653.56 
08/05/2010,10679.67 ,10679.75 ,10612.85 ,10674.98 
08/04/2010,10630.20 ,10702.99 ,10627.53 ,10680.43 
08/03/2010,10673.92 ,10676.95 ,10600.96 ,10636.38 
08/02/2010,10468.82 ,10692.20 ,10468.59 ,10674.38 
07/30/2010,10465.19 ,10507.19 ,10347.50 ,10465.94 
07/29/2010,10498.94 ,10584.99 ,10387.39 ,10467.16 
07/28/2010,10537.01 ,10548.52 ,10463.22 ,10497.88 
07/27/2010,10525.28 ,10578.33 ,10494.86 ,10537.69 
07/26/2010,10424.17 ,10526.79 ,10414.40 ,10525.43 
07/23/2010,10321.16 ,10441.95 ,10287.48 ,10424.62 
07/22/2010,10121.81 ,10363.24 ,10121.81 ,10322.30 
07/21/2010,10226.02 ,10265.54 ,10065.50 ,10120.53 
07/20/2010,10151.48 ,10236.40 ,10007.76 ,10229.96 
07/19/2010,10098.12 ,10187.28 ,10073.68 ,10154.43 
07/16/2010,10356.20 ,10356.20 ,10079.58 ,10097.90 
07/15/2010,10367.10 ,10379.74 ,10240.48 ,10359.31 
07/14/2010,10370.96 ,10400.10 ,10303.00 ,10366.72 
07/13/2010,10217.55 ,10407.82 ,10217.55 ,10363.02 
07/12/2010,10199.24 ,10220.28 ,10146.49 ,10216.27 
07/09/2010,10137.93 ,10201.77 ,10118.41 ,10198.03 
07/08/2010,10019.26 ,10139.86 ,10019.26 ,10138.99 
07/07/2010,9736.85 ,10026.60 ,9736.70 ,10018.28 
07/06/2010,9689.21 ,9858.13 ,9659.01 ,9743.62 
07/02/2010,9732.23 ,9770.87 ,9614.32 ,9686.48 
07/01/2010,9773.27 ,9795.48 ,9621.89 ,9732.53 
06/30/2010,9868.34 ,9908.92 ,9753.84 ,9774.02 
06/29/2010,10135.72 ,10135.80 ,9811.92 ,9870.30 
06/28/2010,10143.05 ,10201.93 ,10101.41 ,10138.52 
06/25/2010,10153.48 ,10202.91 ,10081.08 ,10143.81 
06/24/2010,10297.08 ,10298.06 ,10128.85 ,10152.80 
06/23/2010,10293.30 ,10368.04 ,10227.24 ,10298.44 
06/22/2010,10441.95 ,10493.57 ,10283.40 ,10293.52 
06/21/2010,10452.46 ,10594.16 ,10395.55 ,10442.41 
06/18/2010,10435.00 ,10483.44 ,10424.49 ,10450.64 
06/17/2010,10409.98 ,10441.20 ,10319.22 ,10434.17 
06/16/2010,10404.24 ,10429.03 ,10332.60 ,10409.46 
06/15/2010,10192.40 ,10408.32 ,10192.40 ,10404.77 
06/14/2010,10211.83 ,10328.67 ,10186.21 ,10190.89 
06/11/2010,10166.78 ,10215.98 ,10082.71 ,10211.07 
06/10/2010,9901.67 ,10185.83 ,9901.67 ,10172.53 
06/09/2010,9941.57 ,10065.14 ,9867.73 ,9899.25 
06/08/2010,9812.94 ,9953.66 ,9757.55 ,9939.98 
06/07/2010,9931.75 ,9982.38 ,9810.30 ,9816.49 
06/04/2010,10249.61 ,10249.69 ,9889.88 ,9931.97 
06/03/2010,10250.67 ,10315.21 ,10175.02 ,10255.28 
06/02/2010,10025.61 ,10254.22 ,10025.61 ,10249.54 
06/01/2010,10133.94 ,10218.33 ,10013.90 ,10024.02 
05/28/2010,10258.00 ,10258.00 ,10095.90 ,10136.63 
05/27/2010,9971.73 ,10264.20 ,9971.73 ,10258.99 
05/26/2010,10045.11 ,10179.03 ,9952.68 ,9974.45 
05/25/2010,10061.43 ,10061.66 ,9774.48 ,10043.75 
05/24/2010,10193.46 ,10196.41 ,10052.67 ,10066.57 
05/21/2010,10063.93 ,10198.53 ,9918.82 ,10193.39 
05/20/2010,10440.21 ,10440.21 ,10065.36 ,10068.01 
05/19/2010,10505.70 ,10522.52 ,10324.66 ,10444.37 
05/18/2010,10625.45 ,10718.86 ,10482.20 ,10510.95 
05/17/2010,10616.98 ,10660.97 ,10436.06 ,10625.83 
05/14/2010,10780.68 ,10780.75 ,10537.25 ,10620.16 
05/13/2010,10896.61 ,10920.27 ,10771.69 ,10782.95 
05/12/2010,10742.15 ,10909.08 ,10742.15 ,10896.91 
05/11/2010,10780.00 ,10874.54 ,10685.38 ,10748.26 
05/10/2010,10386.18 ,10835.17 ,10386.03 ,10785.14 
05/07/2010,10519.42 ,10579.12 ,10241.23 ,10380.43 
05/06/2010,10862.22 ,10879.76 ,9869.62 ,10520.32 
05/05/2010,10918.40 ,10946.79 ,10814.84 ,10868.12 
05/04/2010,11149.48 ,11149.48 ,10869.25 ,10926.77 
05/03/2010,11009.60 ,11177.67 ,11009.60 ,11151.83 
04/30/2010,11168.23 ,11197.93 ,10999.69 ,11008.61 
04/29/2010,11045.64 ,11197.32 ,11041.64 ,11167.32 
04/28/2010,10988.87 ,11078.52 ,10965.38 ,11045.27 
04/27/2010,11203.67 ,11218.86 ,10973.17 ,10991.99 
04/26/2010,11205.11 ,11258.01 ,11187.65 ,11205.03 
04/23/2010,11132.18 ,11205.64 ,11105.65 ,11204.28 
04/22/2010,11119.78 ,11149.86 ,11016.40 ,11134.29 
04/21/2010,11116.91 ,11153.72 ,11071.34 ,11124.92 
04/20/2010,11093.11 ,11146.08 ,11081.47 ,11117.06 
04/19/2010,11018.36 ,11095.30 ,10977.85 ,11092.05 
04/16/2010,11143.66 ,11153.79 ,10973.92 ,11018.66 
04/15/2010,11122.96 ,11154.55 ,11096.20 ,11144.57 
04/14/2010,11020.70 ,11125.22 ,11020.63 ,11123.11 
04/13/2010,11006.72 ,11038.92 ,10947.77 ,11019.42 
04/12/2010,10996.75 ,11029.77 ,10992.21 ,11005.97 
04/09/2010,10926.92 ,11000.98 ,10926.92 ,10997.35 
04/08/2010,10896.99 ,10949.36 ,10844.09 ,10927.07 
04/07/2010,10961.95 ,10962.66 ,10845.45 ,10897.52 
04/06/2010,10972.49 ,10987.38 ,10927.52 ,10969.99 
04/05/2010,10927.45 ,10988.06 ,10923.97 ,10973.55 
04/01/2010,10857.31 ,10956.39 ,10857.31 ,10927.07 
03/31/2010,10907.34 ,10907.42 ,10832.83 ,10856.63 
03/30/2010,10895.02 ,10940.22 ,10866.83 ,10907.42 
03/29/2010,10849.23 ,10916.64 ,10849.23 ,10895.86 
03/26/2010,10841.29 ,10909.38 ,10816.43 ,10850.36 
03/25/2010,10837.51 ,10955.48 ,10834.19 ,10841.21 
03/24/2010,10887.62 ,10887.84 ,10825.42 ,10836.15 
03/23/2010,10787.18 ,10893.89 ,10784.76 ,10888.83 
03/22/2010,10741.00 ,10809.85 ,10695.13 ,10785.89 
03/19/2010,10780.00 ,10819.90 ,10694.22 ,10741.98 
03/18/2010,10733.44 ,10784.00 ,10728.15 ,10779.17 
03/17/2010,10686.36 ,10767.98 ,10686.36 ,10733.67 
03/16/2010,10642.53 ,10693.99 ,10621.90 ,10685.98 
03/15/2010,10623.41 ,10644.19 ,10570.51 ,10642.15 
03/12/2010,10611.77 ,10644.95 ,10594.84 ,10624.69 
03/11/2010,10560.98 ,10611.84 ,10507.17 ,10611.84 
03/10/2010,10560.13 ,10601.79 ,10526.52 ,10567.33 
03/09/2010,10552.24 ,10612.60 ,10533.93 ,10564.38 
03/08/2010,10563.78 ,10587.74 ,10542.39 ,10552.52 
03/05/2010,10445.13 ,10571.94 ,10445.05 ,10566.20 
03/04/2010,10396.53 ,10452.38 ,10390.86 ,10444.14 
03/03/2010,10406.28 ,10469.54 ,10376.58 ,10396.76 
03/02/2010,10404.16 ,10456.92 ,10389.43 ,10405.98 
03/01/2010,10326.10 ,10413.99 ,10326.10 ,10403.79 
02/26/2010,10321.41 ,10353.45 ,10272.29 ,10325.26 
02/25/2010,10366.60 ,10366.68 ,10185.83 ,10321.03 
02/24/2010,10284.00 ,10393.51 ,10283.93 ,10374.16 
02/23/2010,10383.16 ,10411.12 ,10267.83 ,10282.41 
02/22/2010,10402.43 ,10433.64 ,10368.95 ,10383.38 
02/19/2010,10387.77 ,10438.55 ,10339.17 ,10402.35 
02/18/2010,10309.39 ,10406.58 ,10294.51 ,10392.90 
02/17/2010,10261.48 ,10320.13 ,10261.48 ,10309.24 
02/16/2010,10100.81 ,10279.54 ,10100.81 ,10268.81 
02/12/2010,10137.23 ,10137.39 ,9983.82 ,10099.14 
02/11/2010,10037.85 ,10161.57 ,9976.71 ,10144.19 
02/10/2010,10055.46 ,10085.54 ,9962.96 ,10038.38 
02/09/2010,9910.28 ,10139.43 ,9910.06 ,10058.64 
02/08/2010,10005.43 ,10028.56 ,9904.09 ,9908.39 
02/05/2010,10003.69 ,10031.96 ,9835.09 ,10012.23 
02/04/2010,10273.12 ,10273.12 ,9998.03 ,10002.18 
02/03/2010,10291.73 ,10307.20 ,10231.93 ,10270.55 
02/02/2010,10186.13 ,10314.84 ,10173.59 ,10296.85 
02/01/2010,10068.99 ,10190.89 ,10068.91 ,10185.53 
01/29/2010,10122.04 ,10239.34 ,10043.75 ,10067.33 
01/28/2010,10236.92 ,10258.83 ,10055.08 ,10120.46 
01/27/2010,10194.29 ,10255.06 ,10104.36 ,10236.16 
01/26/2010,10195.35 ,10285.13 ,10155.60 ,10194.29 
01/25/2010,10175.10 ,10256.87 ,10171.77 ,10196.86 
01/22/2010,10389.58 ,10389.58 ,10157.64 ,10172.98 
01/21/2010,10603.91 ,10614.94 ,10374.69 ,10389.88 
01/20/2010,10719.69 ,10719.92 ,10517.30 ,10603.15 
01/19/2010,10608.37 ,10729.89 ,10591.97 ,10725.43 
01/15/2010,10706.99 ,10709.94 ,10561.06 ,10609.65 
01/14/2010,10680.16 ,10723.77 ,10666.86 ,10710.55 
01/13/2010,10628.09 ,10709.26 ,10614.49 ,10680.77 
01/12/2010,10662.86 ,10663.08 ,10568.84 ,10627.26 
01/11/2010,10620.31 ,10676.23 ,10591.59 ,10663.99 
01/08/2010,10606.40 ,10619.40 ,10554.33 ,10618.19 
01/07/2010,10571.11 ,10612.37 ,10505.21 ,10606.86 
01/06/2010,10564.72 ,10594.99 ,10546.55 ,10573.68 
01/05/2010,10584.56 ,10584.56 ,10522.52 ,10572.02 
01/04/2010,10430.69 ,10604.97 ,10430.69 ,10583.96 
12/31/2009,10548.51 ,10555.01 ,10423.13 ,10428.05 
12/30/2009,10544.36 ,10550.70 ,10505.66 ,10548.51 
12/29/2009,10547.83 ,10580.33 ,10544.28 ,10545.41 
12/28/2009,10517.91 ,10551.61 ,10506.34 ,10547.08 
12/24/2009,10467.12 ,10522.06 ,10461.68 ,10520.10 
12/23/2009,10464.32 ,10492.06 ,10437.80 ,10466.44 
12/22/2009,10414.67 ,10479.82 ,10414.59 ,10464.93 
12/21/2009,10330.10 ,10458.05 ,10329.80 ,10414.14 
12/18/2009,10309.39 ,10372.35 ,10263.90 ,10328.89 
12/17/2009,10439.99 ,10440.06 ,10307.96 ,10308.26 
12/16/2009,10449.81 ,10509.97 ,10427.59 ,10441.12 
12/15/2009,10499.31 ,10499.31 ,10426.69 ,10452.00 
12/14/2009,10471.28 ,10514.66 ,10471.28 ,10501.05 
12/11/2009,10403.41 ,10484.05 ,10400.08 ,10471.50 
12/10/2009,10336.00 ,10444.60 ,10335.77 ,10405.83 
12/09/2009,10282.85 ,10342.27 ,10235.63 ,10337.05 
12/08/2009,10385.42 ,10385.65 ,10249.84 ,10285.97 
12/07/2009,10386.86 ,10443.16 ,10360.18 ,10390.11 
12/04/2009,10368.57 ,10516.70 ,10311.81 ,10388.90 
12/03/2009,10455.63 ,10507.63 ,10350.05 ,10366.15 
12/02/2009,10470.44 ,10513.52 ,10421.47 ,10452.68 
12/01/2009,10343.82 ,10501.28 ,10343.44 ,10471.58 
11/30/2009,10309.77 ,10364.34 ,10263.29 ,10344.84 
11/27/2009,10452.23 ,10452.23 ,10231.25 ,10309.92 
11/25/2009,10432.96 ,10481.48 ,10420.94 ,10464.40 
11/24/2009,10451.25 ,10453.97 ,10359.58 ,10433.71 
11/23/2009,10320.13 ,10495.61 ,10320.05 ,10450.95 
11/20/2009,10327.91 ,10342.72 ,10271.68 ,10318.16 
11/19/2009,10425.33 ,10425.33 ,10256.11 ,10332.44 
11/18/2009,10426.27 ,10432.66 ,10360.10 ,10426.31 
11/17/2009,10404.77 ,10438.17 ,10361.99 ,10437.42 
11/16/2009,10267.53 ,10434.24 ,10267.45 ,10406.96 
11/13/2009,10197.85 ,10305.69 ,10192.03 ,10270.47 
11/12/2009,10289.82 ,10321.64 ,10171.24 ,10197.47 
11/11/2009,10247.42 ,10341.97 ,10246.14 ,10291.26 
11/10/2009,10223.01 ,10260.80 ,10197.69 ,10246.97 
11/09/2009,10020.62 ,10228.23 ,10020.62 ,10226.94 
11/06/2009,10001.35 ,10044.50 ,9936.81 ,10023.42 
11/05/2009,9807.80 ,10013.07 ,9807.80 ,10005.96 
11/04/2009,9767.30 ,9928.04 ,9767.14 ,9802.14 
11/03/2009,9787.47 ,9787.47 ,9703.89 ,9771.91 
11/02/2009,9712.13 ,9858.59 ,9678.95 ,9789.44 
10/30/2009,9961.52 ,9962.13 ,9684.54 ,9712.73 
10/29/2009,9762.91 ,9969.91 ,9759.13 ,9962.58 
10/28/2009,9881.11 ,9902.42 ,9758.08 ,9762.69 
10/27/2009,9868.34 ,9947.54 ,9837.96 ,9882.17 
10/26/2009,9972.33 ,10072.32 ,9849.45 ,9867.96 
10/23/2009,10099.90 ,10109.57 ,9932.50 ,9972.18 
10/22/2009,9946.18 ,10105.19 ,9916.78 ,10081.31 
10/21/2009,10038.84 ,10119.47 ,9943.76 ,9949.36 
10/20/2009,10092.42 ,10098.39 ,9992.81 ,10041.48 
10/19/2009,9996.67 ,10117.96 ,9995.15 ,10092.19 
10/16/2009,10061.36 ,10061.66 ,9939.91 ,9995.91 
10/15/2009,10014.88 ,10062.94 ,9977.47 ,10062.94 
10/14/2009,9873.55 ,10027.73 ,9873.48 ,10015.86 
10/13/2009,9883.98 ,9895.09 ,9815.06 ,9871.06 
10/12/2009,9865.24 ,9931.82 ,9849.37 ,9885.80 
10/09/2009,9786.04 ,9865.01 ,9764.88 ,9864.94 
10/08/2009,9728.22 ,9836.67 ,9728.07 ,9786.87 
10/07/2009,9725.69 ,9740.32 ,9675.62 ,9725.58 
10/06/2009,9601.26 ,9774.32 ,9601.26 ,9731.25 
10/05/2009,9488.73 ,9625.06 ,9481.09 ,9599.75 
10/02/2009,9507.62 ,9524.78 ,9430.08 ,9487.67 
10/01/2009,9711.60 ,9711.67 ,9500.37 ,9509.28 
09/30/2009,9741.83 ,9776.82 ,9608.59 ,9712.28 
09/29/2009,9789.74 ,9834.48 ,9739.11 ,9742.20 
09/28/2009,9663.23 ,9823.67 ,9663.23 ,9789.36 
09/25/2009,9706.68 ,9735.93 ,9641.01 ,9665.19 
09/24/2009,9749.99 ,9805.39 ,9666.03 ,9707.44 
09/23/2009,9830.63 ,9917.99 ,9740.84 ,9748.55 
09/22/2009,9779.61 ,9843.40 ,9771.91 ,9829.87 
09/21/2009,9818.61 ,9818.69 ,9725.88 ,9778.86 
09/18/2009,9784.75 ,9847.71 ,9784.68 ,9820.20 
09/17/2009,9789.82 ,9854.58 ,9749.46 ,9783.92 
09/16/2009,9683.71 ,9799.72 ,9679.18 ,9791.71 
09/15/2009,9626.42 ,9713.71 ,9580.93 ,9683.41 
09/14/2009,9598.08 ,9631.11 ,9535.96 ,9626.80 
09/11/2009,9625.44 ,9649.85 ,9571.56 ,9605.41 
09/10/2009,9546.54 ,9633.00 ,9508.22 ,9627.48 
09/09/2009,9496.59 ,9577.22 ,9476.18 ,9547.22 
09/08/2009,9440.13 ,9511.02 ,9439.98 ,9497.34 
09/04/2009,9345.36 ,9445.72 ,9321.63 ,9441.27 
09/03/2009,9282.03 ,9350.27 ,9252.93 ,9344.61 
09/02/2009,9306.21 ,9330.93 ,9262.30 ,9280.67 
09/01/2009,9492.32 ,9557.95 ,9292.08 ,9310.60 
08/31/2009,9542.91 ,9543.06 ,9436.13 ,9496.28 
08/28/2009,9582.74 ,9630.20 ,9495.98 ,9544.20 
08/27/2009,9541.63 ,9609.72 ,9459.40 ,9580.63 
08/26/2009,9538.61 ,9582.97 ,9485.78 ,9543.52 
08/25/2009,9509.21 ,9620.00 ,9508.98 ,9539.29 
08/24/2009,9506.18 ,9587.73 ,9486.23 ,9509.28 
08/21/2009,9347.86 ,9519.11 ,9347.25 ,9505.96 
08/20/2009,9278.55 ,9363.95 ,9267.97 ,9350.05 
08/19/2009,9208.68 ,9313.09 ,9131.94 ,9279.16 
08/18/2009,9134.36 ,9233.51 ,9134.36 ,9217.94 
08/17/2009,9313.85 ,9313.85 ,9116.52 ,9135.34 
08/14/2009,9398.04 ,9401.97 ,9232.83 ,9321.40 
08/13/2009,9362.29 ,9406.50 ,9305.31 ,9398.19 
08/12/2009,9236.06 ,9424.11 ,9221.02 ,9361.61 
08/11/2009,9334.33 ,9334.33 ,9216.88 ,9241.45 
08/10/2009,9368.41 ,9371.96 ,9290.34 ,9337.95 
08/07/2009,9258.45 ,9437.71 ,9258.45 ,9370.07 
08/06/2009,9277.19 ,9325.11 ,9208.80 ,9256.26 
08/05/2009,9315.36 ,9318.08 ,9206.45 ,9280.97 
08/04/2009,9285.05 ,9321.10 ,9250.74 ,9320.19 
08/03/2009,9173.65 ,9298.43 ,9173.65 ,9286.56 
07/31/2009,9154.61 ,9218.77 ,9133.45 ,9171.61 
07/30/2009,9072.84 ,9246.43 ,9072.61 ,9154.46 
07/29/2009,9092.34 ,9094.83 ,9014.19 ,9070.72 
07/28/2009,9106.92 ,9124.91 ,9007.47 ,9096.72 
07/27/2009,9093.09 ,9123.40 ,9034.52 ,9108.51 
07/24/2009,9066.11 ,9100.88 ,9007.39 ,9093.24 
07/23/2009,8882.31 ,9096.72 ,8866.44 ,9069.29 
07/22/2009,8912.39 ,8949.80 ,8860.32 ,8881.26 
07/21/2009,8848.15 ,8927.13 ,8811.27 ,8915.94 
07/20/2009,8746.05 ,8854.80 ,8745.90 ,8848.15 
07/17/2009,8711.89 ,8754.29 ,8674.41 ,8743.94 
07/16/2009,8612.66 ,8739.55 ,8584.40 ,8711.82 
07/15/2009,8363.95 ,8628.23 ,8363.95 ,8616.21 
07/14/2009,8331.37 ,8361.23 ,8285.20 ,8359.49 
07/13/2009,8146.82 ,8331.68 ,8130.42 ,8331.68 
07/10/2009,8182.49 ,8183.85 ,8093.31 ,8146.52 
07/09/2009,8179.01 ,8228.67 ,8145.31 ,8183.17 
07/08/2009,8157.02 ,8219.52 ,8087.19 ,8178.41 
07/07/2009,8324.95 ,8326.31 ,8154.38 ,8163.60 
07/06/2009,8279.30 ,8327.97 ,8205.99 ,8324.87 
07/02/2009,8503.00 ,8503.23 ,8280.74 ,8280.74 
07/01/2009,8447.53 ,8580.47 ,8447.53 ,8504.06 
06/30/2009,8528.93 ,8560.44 ,8393.95 ,8447.00 
06/29/2009,8440.13 ,8533.23 ,8429.09 ,8529.38 
06/26/2009,8468.54 ,8468.77 ,8401.36 ,8438.39 
06/25/2009,8299.25 ,8490.46 ,8259.43 ,8472.40 
06/24/2009,8323.51 ,8428.41 ,8259.88 ,8299.86 
06/23/2009,8340.44 ,8370.90 ,8286.41 ,8322.91 
06/22/2009,8538.52 ,8538.83 ,8334.55 ,8339.01 
06/19/2009,8556.96 ,8616.59 ,8496.73 ,8539.73 
06/18/2009,8496.73 ,8590.52 ,8475.12 ,8555.60 
06/17/2009,8504.36 ,8563.01 ,8461.29 ,8497.18 
06/16/2009,8612.44 ,8643.65 ,8499.38 ,8504.67 
06/15/2009,8798.50 ,8798.50 ,8577.90 ,8612.13 
06/12/2009,8770.01 ,8805.53 ,8716.73 ,8799.26 
06/11/2009,8736.23 ,8877.93 ,8736.23 ,8770.92 
06/10/2009,8763.66 ,8834.93 ,8639.95 ,8739.02 
06/09/2009,8764.83 ,8803.26 ,8725.12 ,8763.06 
06/08/2009,8759.35 ,8823.97 ,8633.07 ,8764.49 
06/05/2009,8751.75 ,8839.40 ,8700.41 ,8763.13 
06/04/2009,8665.72 ,8751.25 ,8634.57 ,8750.24 
06/03/2009,8740.07 ,8740.39 ,8598.38 ,8675.28 
06/02/2009,8721.60 ,8787.13 ,8693.72 ,8740.87 
06/01/2009,8501.53 ,8760.70 ,8501.29 ,8721.44 
05/29/2009,8404.04 ,8522.95 ,8368.52 ,8500.33 
05/28/2009,8300.50 ,8434.62 ,8246.58 ,8403.80 
05/27/2009,8473.65 ,8496.59 ,8289.35 ,8300.02 
05/26/2009,8275.33 ,8495.71 ,8226.90 ,8473.49 
05/22/2009,8292.21 ,8364.14 ,8257.17 ,8277.32 
05/21/2009,8416.07 ,8416.15 ,8221.01 ,8292.13 
05/20/2009,8471.82 ,8591.93 ,8405.47 ,8422.04 
05/19/2009,8502.48 ,8538.01 ,8463.54 ,8474.85 
05/18/2009,8270.15 ,8511.88 ,8270.15 ,8504.08 
05/15/2009,8326.22 ,8394.96 ,8230.17 ,8268.64 
05/14/2009,8285.92 ,8376.64 ,8273.90 ,8331.32 
05/13/2009,8461.80 ,8462.04 ,8262.43 ,8284.89 
05/12/2009,8419.17 ,8517.46 ,8365.65 ,8469.11 
05/11/2009,8569.23 ,8569.23 ,8410.33 ,8418.77 
05/08/2009,8410.73 ,8587.55 ,8410.73 ,8574.65 
05/07/2009,8513.56 ,8577.19 ,8358.00 ,8409.85 
05/06/2009,8403.48 ,8518.57 ,8403.00 ,8512.28 
05/05/2009,8425.55 ,8458.12 ,8362.78 ,8410.65 
05/04/2009,8213.60 ,8434.86 ,8213.60 ,8426.74 
05/01/2009,8167.41 ,8219.81 ,8099.31 ,8212.41 
04/30/2009,8188.51 ,8307.51 ,8136.90 ,8168.12 
04/29/2009,8018.31 ,8257.57 ,8017.91 ,8185.73 
04/28/2009,8023.56 ,8091.66 ,7938.98 ,8016.95 
04/27/2009,8073.82 ,8122.56 ,7987.16 ,8025.00 
04/24/2009,7957.45 ,8127.50 ,7957.45 ,8076.29 
04/23/2009,7886.81 ,7979.44 ,7804.21 ,7957.06 
04/22/2009,7964.78 ,8044.83 ,7868.01 ,7886.57 
04/21/2009,7841.73 ,7979.20 ,7791.95 ,7969.56 
04/20/2009,8128.94 ,8128.94 ,7840.45 ,7841.73 
04/17/2009,8125.43 ,8190.66 ,8086.88 ,8131.33 
04/16/2009,8029.14 ,8168.12 ,7962.71 ,8125.43 
04/15/2009,7914.92 ,8041.32 ,7870.48 ,8029.62 
04/14/2009,8057.41 ,8057.41 ,7902.26 ,7920.18 
04/13/2009,8082.02 ,8113.41 ,7963.75 ,8057.81 
04/09/2009,7839.89 ,8087.28 ,7839.89 ,8083.38 
04/08/2009,7788.68 ,7887.52 ,7750.85 ,7837.11 
04/07/2009,7968.92 ,7969.08 ,7762.08 ,7789.56 
04/06/2009,8016.16 ,8016.16 ,7862.20 ,7975.85 
04/03/2009,7980.63 ,8019.50 ,7897.24 ,8017.59 
04/02/2009,7763.99 ,8075.73 ,7763.99 ,7978.08 
04/01/2009,7606.13 ,7789.00 ,7483.87 ,7761.60 
03/31/2009,7523.77 ,7725.36 ,7523.45 ,7608.92 
03/30/2009,7773.31 ,7773.39 ,7437.59 ,7522.02 
03/27/2009,7922.57 ,7922.57 ,7735.95 ,7776.18 
03/26/2009,7752.36 ,7931.33 ,7752.28 ,7924.56 
03/25/2009,7659.81 ,7863.63 ,7550.06 ,7749.81 
03/24/2009,7773.47 ,7796.57 ,7646.99 ,7659.97 
03/23/2009,7279.25 ,7780.72 ,7278.78 ,7775.86 
03/20/2009,7402.31 ,7460.93 ,7257.83 ,7278.38 
03/19/2009,7489.68 ,7548.46 ,7369.26 ,7400.80 
03/18/2009,7395.70 ,7571.64 ,7257.27 ,7486.58 
03/17/2009,7218.00 ,7396.81 ,7172.05 ,7395.70 
03/16/2009,7225.33 ,7392.91 ,7206.85 ,7216.97 
03/13/2009,7167.35 ,7242.62 ,7105.86 ,7223.98 
03/12/2009,6932.39 ,7184.71 ,6872.25 ,7170.06 
03/11/2009,6923.13 ,7015.06 ,6867.55 ,6930.40 
03/10/2009,6547.01 ,6926.49 ,6546.61 ,6926.49 
03/09/2009,6625.74 ,6709.61 ,6516.86 ,6547.05 
03/06/2009,6595.16 ,6755.17 ,6469.95 ,6626.94 
03/05/2009,6874.01 ,6874.01 ,6544.10 ,6594.44 
03/04/2009,6726.50 ,6979.22 ,6726.42 ,6875.84 
03/03/2009,6764.81 ,6855.29 ,6705.63 ,6726.02 
03/02/2009,7056.48 ,7058.95 ,6755.17 ,6763.29 
02/27/2009,7180.97 ,7195.46 ,7033.62 ,7062.93 
02/26/2009,7269.06 ,7402.31 ,7173.56 ,7182.08 
02/25/2009,7349.58 ,7404.94 ,7156.68 ,7270.89 
02/24/2009,7115.34 ,7378.97 ,7114.30 ,7350.94 
02/23/2009,7365.99 ,7441.02 ,7105.94 ,7114.78 
02/20/2009,7461.49 ,7469.29 ,7249.47 ,7365.67 
02/19/2009,7555.23 ,7614.97 ,7447.55 ,7465.95 
02/18/2009,7546.35 ,7617.76 ,7479.97 ,7555.63 
02/17/2009,7845.63 ,7845.63 ,7551.01 ,7552.60 
02/13/2009,7933.00 ,7970.84 ,7840.45 ,7850.41 
02/12/2009,7931.97 ,7938.82 ,7693.98 ,7932.76 
02/11/2009,7887.05 ,7983.74 ,7852.16 ,7939.53 
02/10/2009,8269.36 ,8269.44 ,7848.74 ,7888.88 
02/09/2009,8281.38 ,8315.07 ,8196.24 ,8270.87 
02/06/2009,8056.38 ,8312.37 ,8052.24 ,8280.59 
02/05/2009,7954.83 ,8107.83 ,7845.31 ,8063.07 
02/04/2009,8070.32 ,8162.15 ,7929.26 ,7956.66 
02/03/2009,7936.99 ,8111.57 ,7905.52 ,8078.36 
02/02/2009,8000.62 ,8000.62 ,7867.37 ,7936.83 
01/30/2009,8149.01 ,8195.76 ,7961.92 ,8000.86 
01/29/2009,8373.06 ,8373.14 ,8137.94 ,8149.01 
01/28/2009,8175.93 ,8405.87 ,8175.93 ,8375.45 
01/27/2009,8117.39 ,8225.79 ,8083.14 ,8174.73 
01/26/2009,8078.04 ,8231.68 ,8023.16 ,8116.03 
01/23/2009,8108.79 ,8152.59 ,7909.03 ,8077.56 
01/22/2009,8224.43 ,8224.83 ,7957.14 ,8122.80 
01/21/2009,7949.17 ,8243.55 ,7936.19 ,8228.10 
01/20/2009,8279.63 ,8291.98 ,7939.93 ,7949.09 
01/16/2009,8215.67 ,8341.20 ,8109.34 ,8281.22 
01/15/2009,8196.24 ,8286.16 ,7995.13 ,8212.49 
01/14/2009,8446.01 ,8446.25 ,8140.72 ,8200.14 
01/13/2009,8474.61 ,8522.08 ,8376.88 ,8448.56 
01/12/2009,8599.26 ,8602.60 ,8421.08 ,8473.97 
01/09/2009,8738.80 ,8769.62 ,8576.96 ,8599.18 
01/08/2009,8769.94 ,8770.02 ,8651.19 ,8742.46 
01/07/2009,8996.94 ,8996.94 ,8719.92 ,8769.70 
01/06/2009,8954.57 ,9088.06 ,8940.95 ,9015.10 
01/05/2009,9027.13 ,9034.37 ,8892.36 ,8952.89 
01/02/2009,8772.25 ,9065.28 ,8760.78 ,9034.69 
12/31/2008,8666.48 ,8842.66 ,8664.89 ,8776.39 
12/30/2008,8537.85 ,8700.89 ,8463.70 ,8668.39 
12/29/2008,8528.77 ,8575.60 ,8349.24 ,8483.93 
12/26/2008,8504.40 ,8581.58 ,8434.94 ,8515.55 
12/24/2008,8428.17 ,8530.92 ,8389.70 ,8468.48 
12/23/2008,8586.67 ,8647.60 ,8376.80 ,8419.49 
12/22/2008,8598.62 ,8672.06 ,8351.79 ,8519.77 
12/19/2008,8649.44 ,8823.78 ,8499.06 ,8579.11 
12/18/2008,8857.08 ,8946.36 ,8516.02 ,8604.99 
12/17/2008,8816.14 ,9001.96 ,8701.13 ,8824.34 
12/16/2008,8614.31 ,8985.63 ,8534.03 ,8924.14 
12/15/2008,8659.63 ,8738.40 ,8431.04 ,8564.53 
12/12/2008,8329.65 ,8705.43 ,8272.22 ,8629.68 
12/11/2008,8652.54 ,8861.86 ,8480.18 ,8565.09 
12/10/2008,8787.54 ,8942.46 ,8589.86 ,8761.42 
12/09/2008,8817.33 ,8978.14 ,8591.69 ,8691.33 
12/08/2008,8829.44 ,9151.61 ,8660.03 ,8934.18 
12/05/2008,8290.22 ,8722.47 ,8084.25 ,8635.42 
12/04/2008,8467.04 ,8705.98 ,8222.84 ,8376.24 
12/03/2008,8242.59 ,8654.77 ,8170.19 ,8591.69 
12/02/2008,8258.84 ,8490.62 ,8072.47 ,8419.09 
12/01/2008,8603.32 ,8675.80 ,8123.04 ,8149.09 
11/28/2008,8679.14 ,8875.32 ,8597.74 ,8829.04 
11/26/2008,8310.61 ,8760.46 ,8250.80 ,8726.61 
11/25/2008,8571.30 ,8682.09 ,8244.43 ,8479.47 
11/24/2008,8196.40 ,8624.27 ,8023.32 ,8443.39 
11/21/2008,7632.89 ,8121.45 ,7392.27 ,8046.42 
11/20/2008,7898.04 ,8224.35 ,7464.51 ,7552.29 
11/19/2008,8412.24 ,8534.34 ,7967.33 ,7997.28 
11/18/2008,8265.69 ,8540.08 ,8075.81 ,8424.75 
11/17/2008,8401.73 ,8596.31 ,8197.12 ,8273.58 
11/14/2008,8671.98 ,8980.93 ,8421.08 ,8497.31 
11/13/2008,8321.21 ,8898.41 ,7947.74 ,8835.25 
11/12/2008,8511.17 ,8638.60 ,8235.66 ,8282.66 
11/11/2008,8864.32 ,8867.91 ,8560.71 ,8693.96 
11/10/2008,9114.26 ,9212.94 ,8735.61 ,8870.54 
11/07/2008,8795.59 ,9032.24 ,8661.22 ,8943.81 
11/06/2008,9069.10 ,9216.37 ,8607.14 ,8695.79 
11/05/2008,9512.26 ,9628.15 ,9086.06 ,9139.27 
11/04/2008,9521.26 ,9711.46 ,9377.42 ,9625.28 
11/03/2008,9338.07 ,9488.92 ,9175.03 ,9319.83 
10/31/2008,9186.98 ,9498.48 ,9014.78 ,9325.01 
10/30/2008,9237.71 ,9380.36 ,8916.81 ,9180.69 
10/29/2008,9047.83 ,9405.05 ,8800.61 ,8990.96 
10/28/2008,8401.65 ,9112.51 ,8153.79 ,9065.12 
10/27/2008,8259.24 ,8639.64 ,8085.37 ,8175.77 
10/24/2008,8186.52 ,8654.93 ,8088.63 ,8378.95 
10/23/2008,8584.76 ,8864.48 ,8200.06 ,8691.25 
10/22/2008,8821.63 ,8939.99 ,8324.07 ,8519.21 
10/21/2008,9167.38 ,9380.12 ,8929.16 ,9033.66 
10/20/2008,8990.17 ,9305.89 ,8799.49 ,9265.43 
10/17/2008,8751.38 ,9304.38 ,8640.83 ,8852.22 
10/16/2008,8622.51 ,9073.64 ,8176.17 ,8979.26 
10/15/2008,9145.24 ,9278.25 ,8516.50 ,8577.91 
10/14/2008,9861.28 ,9924.28 ,9050.06 ,9310.99 
10/13/2008,8871.97 ,9501.91 ,8638.60 ,9387.61 
10/10/2008,8225.95 ,8989.13 ,7773.71 ,8451.19 
10/09/2008,9381.96 ,9522.77 ,8523.27 ,8579.19 
10/08/2008,9178.85 ,9778.04 ,9042.97 ,9258.10 
10/07/2008,10030.69 ,10205.04 ,9391.67 ,9447.11 
10/06/2008,10035.23 ,10249.85 ,9503.10 ,9955.50 
10/03/2008,10549.04 ,10844.69 ,10261.75 ,10325.38 
10/02/2008,10750.62 ,10843.10 ,10368.08 ,10482.85 
10/01/2008,10772.69 ,11022.06 ,10495.99 ,10831.07 
09/30/2008,10591.89 ,10922.03 ,10441.91 ,10850.66 
09/29/2008,10980.01 ,11099.24 ,10266.76 ,10365.45 
09/26/2008,10880.37 ,11218.48 ,10781.37 ,11143.13 
09/25/2008,10926.17 ,11206.05 ,10799.77 ,11022.06 
09/24/2008,10839.75 ,11041.02 ,10696.38 ,10825.17 
09/23/2008,11038.23 ,11214.65 ,10763.77 ,10854.17 
09/22/2008,11280.28 ,11450.81 ,10956.43 ,11015.69 
09/19/2008,11628.63 ,11628.63 ,11072.78 ,11388.44 
09/18/2008,10783.90 ,11149.07 ,10403.75 ,11019.69 
09/17/2008,10886.00 ,11068.87 ,10521.81 ,10609.66 
09/16/2008,10701.83 ,11193.12 ,10604.70 ,11059.02 
09/15/2008,11111.54 ,11352.21 ,10849.85 ,10917.51 
09/12/2008,11323.96 ,11532.72 ,11191.08 ,11421.99 
09/11/2008,11125.95 ,11461.15 ,11018.72 ,11433.71 
09/10/2008,11315.98 ,11453.50 ,11135.64 ,11268.92 
09/09/2008,11506.58 ,11623.50 ,11209.81 ,11230.73 
09/08/2008,11510.00 ,11656.64 ,11264.20 ,11510.74 
09/05/2008,11120.57 ,11301.73 ,10998.77 ,11220.96 
09/04/2008,11439.74 ,11511.55 ,11130.26 ,11188.23 
09/03/2008,11508.13 ,11629.69 ,11328.84 ,11532.88 
09/02/2008,11718.93 ,11831.29 ,11444.79 ,11516.92 
08/29/2008,11655.50 ,11730.49 ,11508.78 ,11543.55 
08/28/2008,11551.12 ,11756.46 ,11493.72 ,11715.15 
08/27/2008,11404.40 ,11575.14 ,11349.69 ,11502.51 
08/26/2008,11366.87 ,11483.62 ,11284.47 ,11412.87 
08/25/2008,11550.55 ,11605.27 ,11336.82 ,11386.25 
08/22/2008,11487.29 ,11684.00 ,11431.68 ,11628.06 
08/21/2008,11325.10 ,11501.29 ,11263.63 ,11430.21 
08/20/2008,11382.17 ,11511.06 ,11240.18 ,11417.43 
08/19/2008,11400.25 ,11501.45 ,11260.53 ,11348.55 
08/18/2008,11682.86 ,11744.49 ,11410.18 ,11479.39 
08/15/2008,11644.75 ,11776.41 ,11540.05 ,11659.90 
08/14/2008,11438.44 ,11744.33 ,11399.84 ,11615.93 
08/13/2008,11575.79 ,11689.05 ,11377.37 ,11532.96 
08/12/2008,11731.55 ,11830.39 ,11541.43 ,11642.47 
08/11/2008,11706.55 ,11933.55 ,11580.19 ,11782.35 
08/08/2008,11410.18 ,11808.49 ,11344.23 ,11734.32 
08/07/2008,11545.26 ,11680.50 ,11355.63 ,11431.43 
08/06/2008,11566.75 ,11745.71 ,11454.64 ,11656.07 
08/05/2008,11390.48 ,11652.24 ,11303.60 ,11615.77 
08/04/2008,11300.02 ,11449.67 ,11144.59 ,11284.15 
08/01/2008,11449.02 ,11512.61 ,11205.41 ,11326.32 
07/31/2008,11449.67 ,11631.16 ,11317.69 ,11378.02 
07/30/2008,11468.40 ,11681.47 ,11328.68 ,11583.69 
07/29/2008,11172.84 ,11444.05 ,11086.13 ,11397.56 
07/28/2008,11312.81 ,11439.25 ,11094.76 ,11131.08 
07/25/2008,11398.70 ,11540.78 ,11252.47 ,11370.69 
07/24/2008,11619.27 ,11714.21 ,11288.79 ,11349.28 
07/23/2008,11606.89 ,11820.21 ,11410.02 ,11632.38 
07/22/2008,11399.11 ,11692.79 ,11273.32 ,11602.50 
07/21/2008,11523.03 ,11663.40 ,11339.02 ,11467.34 
07/18/2008,11491.20 ,11599.57 ,11290.50 ,11496.57 
07/17/2008,11308.57 ,11538.50 ,11118.46 ,11446.66 
07/16/2008,10924.76 ,11308.41 ,10831.61 ,11239.28 
07/15/2008,10938.11 ,11201.67 ,10731.96 ,10962.54 
07/14/2008,11226.99 ,11299.70 ,10972.63 ,11055.19 
07/11/2008,11083.85 ,11292.04 ,10908.64 ,11100.54 
07/10/2008,11164.05 ,11351.24 ,11006.01 ,11229.02 
07/09/2008,11395.53 ,11505.12 ,11115.61 ,11147.44 
07/08/2008,11233.66 ,11459.52 ,11101.19 ,11384.21 
07/07/2008,11301.49 ,11477.52 ,11094.44 ,11231.96 
07/03/2008,11297.34 ,11396.34 ,11121.71 ,11288.54 
07/02/2008,11404.16 ,11510.41 ,11180.58 ,11215.51 
07/01/2008,11233.42 ,11465.79 ,11106.65 ,11382.26 
06/30/2008,11352.21 ,11504.55 ,11226.34 ,11350.01 
06/27/2008,11457.16 ,11556.33 ,11248.48 ,11346.51 
06/26/2008,11694.42 ,11775.35 ,11431.92 ,11453.42 
06/25/2008,11815.41 ,12008.70 ,11683.75 ,11811.83 
06/24/2008,11797.50 ,11962.37 ,11668.53 ,11807.43 
06/23/2008,11881.60 ,11986.96 ,11731.06 ,11842.36 
06/20/2008,12030.03 ,12078.23 ,11785.04 ,11842.69 
06/19/2008,12026.21 ,12188.31 ,11881.03 ,12063.09 
06/18/2008,12079.62 ,12212.33 ,11947.07 ,12029.06 
06/17/2008,12307.67 ,12378.67 ,12114.41 ,12160.30 
06/16/2008,12228.21 ,12381.44 ,12139.79 ,12269.08 
06/13/2008,12210.78 ,12376.72 ,12096.23 ,12307.35 
06/12/2008,12155.91 ,12337.72 ,12041.43 ,12141.58 
06/11/2008,12242.21 ,12317.20 ,12029.46 ,12083.77 
06/10/2008,12207.04 ,12425.98 ,12116.58 ,12289.76 
06/09/2008,12263.46 ,12406.36 ,12102.50 ,12280.32 
06/06/2008,12507.15 ,12559.83 ,12180.50 ,12209.81 
06/05/2008,12424.68 ,12652.81 ,12358.07 ,12604.45 
06/04/2008,12391.21 ,12540.37 ,12283.74 ,12390.48 
06/03/2008,12543.14 ,12620.98 ,12317.61 ,12402.85 
06/02/2008,12597.04 ,12645.40 ,12385.76 ,12503.82 
05/30/2008,12669.67 ,12750.84 ,12555.60 ,12638.32 
05/29/2008,12558.61 ,12760.21 ,12493.47 ,12646.22 
05/28/2008,12579.05 ,12693.77 ,12437.38 ,12594.03 
05/27/2008,12475.89 ,12626.84 ,12397.56 ,12548.35 
05/23/2008,12573.18 ,12637.43 ,12420.20 ,12479.63 
05/22/2008,12595.01 ,12743.68 ,12515.78 ,12625.62 
05/21/2008,12846.67 ,12926.71 ,12550.39 ,12601.19 
05/20/2008,12958.06 ,13002.10 ,12742.29 ,12828.68 
05/19/2008,12976.38 ,13170.97 ,12899.19 ,13028.16 
05/16/2008,13006.34 ,13069.52 ,12860.60 ,12986.80 
05/15/2008,12877.53 ,13028.16 ,12798.39 ,12992.66 
05/14/2008,12880.46 ,13073.44 ,12806.21 ,12898.38 
05/13/2008,12879.41 ,12957.65 ,12716.16 ,12832.18 
05/12/2008,12768.02 ,12960.26 ,12665.11 ,12876.31 
05/09/2008,12750.76 ,12871.75 ,12648.09 ,12745.88 
05/08/2008,12856.53 ,12965.95 ,12727.56 ,12866.78 
05/07/2008,12994.21 ,13097.77 ,12756.14 ,12814.35 
05/06/2008,12902.04 ,13071.07 ,12817.53 ,13020.83 
05/05/2008,13005.12 ,13105.75 ,12896.50 ,12969.54 
05/02/2008,13103.80 ,13191.49 ,12931.35 ,13058.20 
05/01/2008,12811.91 ,13079.94 ,12721.94 ,13010.00 
04/30/2008,12867.84 ,13052.91 ,12746.45 ,12820.13 
04/29/2008,12842.93 ,12970.27 ,12737.82 ,12831.94 
04/28/2008,12886.00 ,13015.62 ,12791.55 ,12871.75 
04/25/2008,12898.38 ,12987.29 ,12703.70 ,12891.86 
04/24/2008,12781.86 ,12979.88 ,12651.51 ,12848.95 
04/23/2008,12741.72 ,12883.80 ,12627.00 ,12763.22 
04/22/2008,12775.43 ,12870.86 ,12604.53 ,12720.23 
04/21/2008,12825.02 ,12902.69 ,12666.08 ,12825.02 
04/18/2008,12837.47 ,12965.47 ,12695.31 ,12849.36 
04/17/2008,12577.99 ,12725.93 ,12472.71 ,12620.49 
04/16/2008,12472.14 ,12670.56 ,12379.57 ,12619.27 
04/15/2008,12382.58 ,12459.36 ,12223.97 ,12362.47 
04/14/2008,12324.77 ,12430.86 ,12208.42 ,12302.06 
04/11/2008,12441.45 ,12546.56 ,12280.89 ,12325.42 
04/10/2008,12542.16 ,12705.90 ,12447.96 ,12581.98 
04/09/2008,12596.47 ,12686.93 ,12416.53 ,12527.26 
04/08/2008,12522.30 ,12664.38 ,12440.55 ,12576.44 
04/07/2008,12695.72 ,12786.83 ,12550.22 ,12612.43 
04/04/2008,12618.29 ,12738.30 ,12489.40 ,12609.42 
04/03/2008,12546.48 ,12734.97 ,12455.04 ,12626.03 
04/02/2008,12684.90 ,12790.28 ,12488.22 ,12605.83 
04/01/2008,12434.20 ,12693.93 ,12343.66 ,12654.36 
03/31/2008,12187.34 ,12384.84 ,12095.18 ,12262.89 
03/28/2008,12337.54 ,12441.67 ,12164.22 ,12216.40 
03/27/2008,12459.17 ,12528.13 ,12264.76 ,12302.46 
03/26/2008,12441.02 ,12553.44 ,12309.62 ,12422.86 
03/25/2008,12547.66 ,12639.82 ,12397.62 ,12532.60 
03/24/2008,12401.86 ,12687.61 ,12346.17 ,12548.64 
03/20/2008,12150.30 ,12434.34 ,12024.68 ,12361.32 
03/19/2008,12411.06 ,12525.19 ,12077.27 ,12099.66 
03/18/2008,12171.63 ,12411.63 ,12053.09 ,12392.66 
03/17/2008,11734.13 ,12119.69 ,11650.44 ,11972.25 
03/14/2008,12200.20 ,12249.86 ,11781.43 ,11951.09 
03/13/2008,11962.32 ,12242.29 ,11832.88 ,12145.74 
03/12/2008,12199.23 ,12360.58 ,12037.79 ,12110.24 
03/11/2008,12011.82 ,12205.98 ,11819.36 ,12156.81 
03/10/2008,11917.46 ,11993.75 ,11691.47 ,11740.15 
03/07/2008,11946.69 ,12131.33 ,11778.66 ,11893.69 
03/06/2008,12223.65 ,12267.86 ,12010.03 ,12040.39 
03/05/2008,12235.62 ,12392.74 ,12105.36 ,12254.99 
03/04/2008,12155.75 ,12291.22 ,11991.06 ,12213.80 
03/03/2008,12232.44 ,12344.71 ,12101.29 ,12258.90 
02/29/2008,12452.98 ,12517.62 ,12210.30 ,12266.39 
02/28/2008,12603.10 ,12713.99 ,12463.32 ,12582.18 
02/27/2008,12602.86 ,12815.59 ,12527.64 ,12694.28 
02/26/2008,12508.67 ,12771.14 ,12449.08 ,12684.92 
02/25/2008,12383.38 ,12612.47 ,12292.03 ,12570.22 
02/22/2008,12313.77 ,12429.05 ,12116.92 ,12381.02 
02/21/2008,12454.94 ,12545.79 ,12225.36 ,12284.30 
02/20/2008,12247.10 ,12489.29 ,12159.42 ,12427.26 
02/19/2008,12479.93 ,12571.11 ,12276.81 ,12337.22 
02/15/2008,12367.47 ,12441.20 ,12216.68 ,12348.21 
02/14/2008,12558.42 ,12611.26 ,12332.03 ,12376.98 
02/13/2008,12463.07 ,12627.76 ,12354.22 ,12552.24 
02/12/2008,12296.51 ,12524.12 ,12207.90 ,12373.41 
02/11/2008,12142.55 ,12332.76 ,12006.79 ,12240.01 
02/08/2008,12203.76 ,12330.97 ,12058.01 ,12182.13 
02/07/2008,12155.47 ,12366.99 ,12045.00 ,12247.00 
02/06/2008,12333.01 ,12436.33 ,12142.14 ,12200.10 
02/05/2008,12456.32 ,12574.92 ,12234.97 ,12265.13 
02/04/2008,12746.93 ,12810.34 ,12557.61 ,12635.16 
02/01/2008,12667.35 ,12841.88 ,12510.05 ,12743.19 
01/31/2008,12284.32 ,12734.74 ,12197.09 ,12650.36 
01/30/2008,12418.20 ,12715.96 ,12311.55 ,12442.83 
01/29/2008,12466.89 ,12604.92 ,12262.29 ,12480.30 
01/28/2008,12225.54 ,12423.81 ,12061.42 ,12383.89 
01/25/2008,12499.24 ,12590.69 ,12103.61 ,12207.17 
01/24/2008,12287.65 ,12522.82 ,12114.83 ,12378.61 
01/23/2008,11733.83 ,12339.10 ,11530.12 ,12270.17 
01/22/2008,11604.25 ,12167.42 ,11508.74 ,11971.19 
01/18/2008,12197.74 ,12441.85 ,11953.71 ,12099.30 
01/17/2008,12501.11 ,12597.85 ,12089.38 ,12159.21 
01/16/2008,12428.20 ,12699.05 ,12294.48 ,12466.16 
01/15/2008,12633.94 ,12754.65 ,12425.92 ,12501.11 
01/14/2008,12724.90 ,12866.10 ,12596.95 ,12778.15 
01/11/2008,12723.68 ,12863.34 ,12495.91 ,12606.30 
01/10/2008,12652.72 ,12966.74 ,12555.74 ,12853.09 
01/09/2008,12599.15 ,12814.97 ,12431.53 ,12735.31 
01/08/2008,12874.80 ,12998.11 ,12511.03 ,12589.07 
01/07/2008,12842.28 ,12984.95 ,12640.44 ,12827.49 
01/04/2008,13046.56 ,13049.65 ,12740.51 ,12800.18 
01/03/2008,13044.12 ,13197.43 ,12968.44 ,13056.72 
01/02/2008,13261.82 ,13338.23 ,12969.42 ,13043.96 
12/31/2007,13364.16 ,13423.91 ,13197.35 ,13264.82 
12/28/2007,13361.23 ,13494.30 ,13272.14 ,13365.87 
12/27/2007,13549.17 ,13551.53 ,13325.71 ,13359.61 
12/26/2007,13547.95 ,13614.53 ,13440.16 ,13551.69 
12/24/2007,13450.73 ,13606.97 ,13432.20 ,13549.33 
12/21/2007,13241.66 ,13518.20 ,13281.89 ,13450.65 
12/20/2007,13206.46 ,13354.00 ,13112.98 ,13245.64 
12/19/2007,13231.98 ,13368.79 ,13097.77 ,13207.27 
12/18/2007,13168.66 ,13346.84 ,13059.32 ,13232.47 
12/17/2007,13339.20 ,13378.38 ,13111.92 ,13167.20 
12/14/2007,13515.11 ,13557.54 ,13284.66 ,13339.85 
12/13/2007,13473.98 ,13586.73 ,13281.00 ,13517.96 
12/12/2007,13434.80 ,13778.98 ,13299.61 ,13473.90 
12/11/2007,13726.87 ,13850.92 ,13374.89 ,13432.77 
12/10/2007,13623.55 ,13807.02 ,13582.50 ,13727.03 
12/07/2007,13618.27 ,13744.02 ,13514.22 ,13625.58 
12/06/2007,13445.85 ,13652.49 ,13362.37 ,13619.89 
12/05/2007,13244.01 ,13513.00 ,13274.25 ,13444.96 
12/04/2007,13311.24 ,13395.21 ,13139.56 ,13248.73 
12/03/2007,13368.22 ,13490.24 ,13207.60 ,13314.57 
11/30/2007,13314.25 ,13570.31 ,13225.32 ,13371.72 
11/29/2007,13287.91 ,13399.03 ,13150.21 ,13311.73 
11/28/2007,12958.04 ,13353.51 ,12986.33 ,13289.45 
11/27/2007,12744.78 ,13040.38 ,12711.98 ,12958.44 
11/26/2007,12979.99 ,13104.44 ,12707.26 ,12743.44 
11/23/2007,12796.07 ,13028.84 ,12803.67 ,12980.88 
11/21/2007,13006.65 ,13055.59 ,12725.39 ,12799.04 
11/20/2007,12955.92 ,13179.23 ,12800.74 ,13010.14 
11/19/2007,12958.44 ,13195.48 ,12871.14 ,12958.44 
11/16/2007,13109.48 ,13293.44 ,12987.22 ,13176.79 
11/15/2007,13230.68 ,13333.59 ,13007.95 ,13110.05 
11/14/2007,13305.47 ,13465.20 ,13159.88 ,13231.01 
11/13/2007,12975.11 ,13357.57 ,12982.18 ,13307.09 
11/12/2007,13039.16 ,13238.73 ,12910.40 ,12987.55 
11/09/2007,13261.17 ,13321.81 ,12920.65 ,13042.74 
11/08/2007,13299.70 ,13463.66 ,13001.93 ,13266.29 
11/07/2007,13646.72 ,13629.08 ,13269.46 ,13300.02 
11/06/2007,13542.34 ,13716.55 ,13460.73 ,13660.94 
11/05/2007,13592.58 ,13666.15 ,13393.67 ,13543.40 
11/02/2007,13569.90 ,13708.58 ,13381.64 ,13595.10 
11/01/2007,13924.16 ,13875.87 ,13522.75 ,13567.87 
10/31/2007,13792.06 ,13990.65 ,13711.59 ,13930.01 
10/30/2007,13869.04 ,13930.91 ,13719.80 ,13792.47 
10/29/2007,13807.35 ,13966.18 ,13748.33 ,13870.26 
10/26/2007,13675.66 ,13885.95 ,13622.01 ,13806.70 
10/25/2007,13677.85 ,13819.78 ,13471.87 ,13671.92 
10/24/2007,13675.58 ,13751.50 ,13423.74 ,13675.25 
10/23/2007,13568.93 ,13754.91 ,13494.95 ,13676.23 
10/22/2007,13521.62 ,13636.80 ,13337.90 ,13566.97 
10/19/2007,13888.47 ,13879.77 ,13478.94 ,13522.02 
10/18/2007,13887.90 ,13984.39 ,13746.22 ,13888.96 
10/17/2007,13920.66 ,14075.84 ,13738.66 ,13892.54 
10/16/2007,13986.34 ,14061.37 ,13810.68 ,13912.94 
10/15/2007,14092.43 ,14157.38 ,13877.82 ,13984.80 
10/12/2007,14016.34 ,14168.51 ,13949.85 ,14093.08 
10/11/2007,14079.10 ,14279.96 ,13917.82 ,14015.12 
10/10/2007,14165.02 ,14225.66 ,13963.26 ,14078.69 
10/09/2007,14043.73 ,14198.83 ,13980.90 ,14164.53 
10/08/2007,14065.36 ,14134.05 ,13947.41 ,14043.73 
10/05/2007,13969.07 ,14169.49 ,13965.05 ,14066.01 
10/04/2007,13967.89 ,14074.54 ,13894.98 ,13974.31 
10/03/2007,14038.86 ,14090.48 ,13883.43 ,13968.05 
10/02/2007,14087.14 ,14166.16 ,13951.72 ,14047.31 
10/01/2007,13895.71 ,14147.30 ,13869.86 ,14087.55 
09/28/2007,13912.94 ,13994.64 ,13802.96 ,13895.63 
09/27/2007,13879.53 ,13991.63 ,13811.17 ,13912.94 
09/26/2007,13779.30 ,13962.61 ,13741.26 ,13878.15 
09/25/2007,13757.84 ,13847.10 ,13629.16 ,13778.65 
09/24/2007,13821.57 ,13930.74 ,13702.89 ,13759.06 
09/21/2007,13768.33 ,13948.95 ,13740.61 ,13820.19 
09/20/2007,13813.52 ,13887.81 ,13741.01 ,13766.70 
09/19/2007,13740.61 ,13936.68 ,13689.80 ,13815.56 
09/18/2007,13403.18 ,13772.15 ,13379.68 ,13739.39 
09/17/2007,13441.95 ,13514.71 ,13306.69 ,13403.42 
09/14/2007,13421.39 ,13507.55 ,13273.68 ,13442.52 
09/13/2007,13292.38 ,13519.91 ,13296.77 ,13424.88 
09/12/2007,13298.31 ,13408.62 ,13195.40 ,13291.65 
09/11/2007,13129.40 ,13369.77 ,13124.68 ,13308.39 
09/10/2007,13116.39 ,13280.67 ,12992.02 ,13127.85 
09/07/2007,13360.74 ,13312.05 ,13059.16 ,13113.38 
09/06/2007,13306.44 ,13464.79 ,13217.11 ,13363.35 
09/05/2007,13442.85 ,13436.02 ,13203.86 ,13305.47 
09/04/2007,13358.39 ,13521.86 ,13248.57 ,13448.86 
08/31/2007,13240.84 ,13472.35 ,13252.06 ,13357.74 
08/30/2007,13287.91 ,13355.46 ,13126.39 ,13238.73 
08/29/2007,13043.07 ,13336.93 ,13020.63 ,13289.29 
08/28/2007,13318.43 ,13319.61 ,13024.29 ,13041.85 
08/27/2007,13377.16 ,13438.46 ,13248.32 ,13322.13 
08/24/2007,13231.78 ,13402.20 ,13174.27 ,13378.87 
08/23/2007,13237.27 ,13358.22 ,13127.69 ,13235.88 
08/22/2007,13088.26 ,13304.33 ,13075.34 ,13236.13 
08/21/2007,13120.05 ,13228.57 ,12975.68 ,13090.86 
08/20/2007,13078.51 ,13245.80 ,12938.77 ,13121.35 
08/17/2007,12848.05 ,13289.70 ,12847.24 ,13079.08 
08/16/2007,12859.52 ,12996.73 ,12455.92 ,12845.78 
08/15/2007,13021.93 ,13184.51 ,12800.83 ,12861.47 
08/14/2007,13235.72 ,13309.04 ,12974.30 ,13028.92 
08/13/2007,13238.24 ,13440.08 ,13163.54 ,13236.53 
08/10/2007,13270.59 ,13386.43 ,12958.04 ,13239.54 
08/09/2007,13652.33 ,13675.66 ,13196.05 ,13270.68 
08/08/2007,13497.23 ,13769.63 ,13386.92 ,13657.86 
08/07/2007,13467.72 ,13635.09 ,13282.38 ,13504.30 
08/06/2007,13183.13 ,13501.86 ,13077.05 ,13468.78 
08/03/2007,13462.25 ,13539.50 ,13156.79 ,13181.91 
08/02/2007,13357.82 ,13547.47 ,13272.79 ,13463.33 
08/01/2007,13211.09 ,13431.06 ,13041.77 ,13362.37 
07/31/2007,13360.66 ,13579.41 ,13182.15 ,13211.99 
07/30/2007,13266.21 ,13445.12 ,13143.87 ,13358.31 
07/27/2007,13472.68 ,13589.17 ,13228.57 ,13265.47 
07/26/2007,13783.12 ,13793.61 ,13307.74 ,13473.57 
07/25/2007,13718.25 ,13919.77 ,13607.70 ,13785.07 
07/24/2007,13940.90 ,13967.65 ,13661.51 ,13716.95 
07/23/2007,13851.73 ,14039.59 ,13819.54 ,13943.42 
07/20/2007,14000.73 ,14039.67 ,13745.65 ,13851.08 
07/19/2007,13918.79 ,14121.04 ,13860.18 ,14000.41 
07/18/2007,13955.05 ,14020.89 ,13768.73 ,13918.22 
07/17/2007,13951.96 ,14095.60 ,13880.67 ,13971.55 
07/16/2007,13907.09 ,14053.57 ,13834.33 ,13950.98 
07/13/2007,13859.86 ,13982.93 ,13784.83 ,13907.25 
07/12/2007,13579.33 ,13889.45 ,13598.76 ,13861.73 
07/11/2007,13500.40 ,13638.75 ,13435.45 ,13577.87 
07/10/2007,13648.59 ,13685.90 ,13463.57 ,13501.70 
07/09/2007,13612.66 ,13739.06 ,13563.89 ,13649.97 
07/06/2007,13559.01 ,13670.46 ,13501.54 ,13611.68 
07/05/2007,13576.24 ,13637.78 ,13459.84 ,13565.84 
07/03/2007,13531.53 ,13638.26 ,13487.88 ,13577.30 
07/02/2007,13409.60 ,13586.97 ,13406.59 ,13535.43 
06/29/2007,13422.61 ,13556.16 ,13291.32 ,13408.62 
06/28/2007,13427.48 ,13537.47 ,13342.05 ,13422.28 
06/27/2007,13336.93 ,13455.36 ,13205.08 ,13427.73 
06/26/2007,13352.37 ,13491.70 ,13272.79 ,13337.66 
06/25/2007,13360.09 ,13519.34 ,13273.68 ,13352.05 
06/22/2007,13545.03 ,13564.13 ,13323.51 ,13360.26 
06/21/2007,13486.66 ,13596.56 ,13368.79 ,13545.84 
06/20/2007,13636.56 ,13735.08 ,13469.43 ,13489.42 
06/19/2007,13611.68 ,13705.41 ,13527.14 ,13635.42 
06/18/2007,13639.00 ,13720.29 ,13560.15 ,13612.98 
06/15/2007,13556.65 ,13741.18 ,13566.89 ,13639.48 
06/14/2007,13482.43 ,13622.66 ,13444.07 ,13553.72 
06/13/2007,13287.62 ,13502.76 ,13288.07 ,13482.35 
06/12/2007,13424.39 ,13474.12 ,13264.05 ,13295.01 
06/11/2007,13423.74 ,13519.88 ,13335.16 ,13424.96 
06/08/2007,13267.14 ,13445.19 ,13207.73 ,13424.39 
06/07/2007,13463.48 ,13517.85 ,13236.34 ,13266.73 
06/06/2007,13590.66 ,13606.75 ,13403.10 ,13465.67 
06/05/2007,13673.19 ,13689.40 ,13523.70 ,13595.46 
06/04/2007,13667.21 ,13723.37 ,13575.14 ,13676.32 
06/01/2007,13628.69 ,13756.69 ,13562.54 ,13668.11 
05/31/2007,13633.00 ,13718.82 ,13564.49 ,13627.64 
05/30/2007,13517.89 ,13650.64 ,13403.26 ,13633.08 
05/29/2007,13507.28 ,13603.26 ,13428.86 ,13521.34 
05/25/2007,13441.94 ,13571.48 ,13410.00 ,13507.28 
05/24/2007,13522.60 ,13645.52 ,13391.56 ,13441.13 
05/23/2007,13540.84 ,13648.69 ,13476.72 ,13525.65 
05/22/2007,13544.99 ,13632.03 ,13466.57 ,13539.95 
05/21/2007,13556.53 ,13636.98 ,13473.31 ,13542.88 
05/18/2007,13476.40 ,13611.95 ,13454.46 ,13556.53 
05/17/2007,13486.96 ,13558.24 ,13384.89 ,13476.72 
05/16/2007,13374.13 ,13526.54 ,13325.49 ,13487.53 
05/15/2007,13346.05 ,13518.33 ,13302.65 ,13383.84 
05/14/2007,13325.81 ,13432.84 ,13265.02 ,13346.78 
05/11/2007,13212.20 ,13373.35 ,13192.62 ,13326.22 
05/10/2007,13359.05 ,13376.20 ,13161.08 ,13215.13 
05/09/2007,13300.62 ,13410.17 ,13229.92 ,13362.87 
05/08/2007,13309.40 ,13359.05 ,13192.45 ,13309.07 
05/07/2007,13264.13 ,13385.06 ,13218.87 ,13312.97 
05/04/2007,13243.08 ,13340.60 ,13176.61 ,13264.62 
05/03/2007,13206.65 ,13306.55 ,13131.42 ,13241.38 
05/02/2007,13133.94 ,13291.60 ,13105.34 ,13211.88 
05/01/2007,13062.75 ,13188.96 ,12993.02 ,13136.14 
04/30/2007,13120.21 ,13226.99 ,13003.91 ,13062.91 
04/27/2007,13104.04 ,13195.05 ,13002.37 ,13120.94 
04/26/2007,13088.84 ,13197.49 ,13016.43 ,13105.50 
04/25/2007,12951.42 ,13142.31 ,12929.80 ,13089.89 
04/24/2007,12919.64 ,13033.66 ,12845.12 ,12953.94 
04/23/2007,12961.49 ,13029.59 ,12867.96 ,12919.40 
04/20/2007,12811.15 ,13035.77 ,12828.30 ,12961.98 
04/19/2007,12799.77 ,12889.17 ,12677.47 ,12808.63 
04/18/2007,12771.08 ,12871.21 ,12691.20 ,12803.84 
04/17/2007,12719.56 ,12773.04 ,12773.04 ,12773.04 
04/16/2007,12611.64 ,12770.60 ,12596.36 ,12720.46 
04/13/2007,12551.91 ,12654.47 ,12504.04 ,12612.13 
04/12/2007,12483.64 ,12580.92 ,12407.50 ,12552.96 
04/11/2007,12573.12 ,12618.63 ,12432.53 ,12484.62 
04/10/2007,12568.49 ,12641.87 ,12496.48 ,12573.85 
04/09/2007,12562.64 ,12641.22 ,12505.83 ,12569.14 
04/05/2007,12523.22 ,12600.34 ,12465.36 ,12560.20 
04/04/2007,12511.36 ,12591.81 ,12444.55 ,12530.05 
04/03/2007,12379.05 ,12559.47 ,12396.53 ,12510.30 
04/02/2007,12354.52 ,12450.81 ,12284.54 ,12382.30 
03/30/2007,12348.91 ,12442.40 ,12237.87 ,12354.35 
03/29/2007,12301.48 ,12424.77 ,12251.89 ,12348.75 
03/28/2007,12396.49 ,12415.56 ,12234.50 ,12300.36 
03/27/2007,12468.59 ,12484.54 ,12336.89 ,12397.29 
03/26/2007,12480.37 ,12526.27 ,12339.53 ,12469.07 
03/23/2007,12460.50 ,12550.07 ,12396.89 ,12481.01 
03/22/2007,12446.72 ,12524.03 ,12364.21 ,12461.14 
03/21/2007,12288.98 ,12489.02 ,12220.49 ,12447.52 
03/20/2007,12226.81 ,12324.31 ,12172.66 ,12288.10 
03/19/2007,12110.41 ,12273.52 ,12122.59 ,12226.17 
03/16/2007,12160.16 ,12226.01 ,12053.05 ,12110.41 
03/15/2007,12133.16 ,12228.42 ,12060.10 ,12159.68 
03/14/2007,12074.52 ,12187.88 ,11926.79 ,12133.40 
03/13/2007,12307.49 ,12319.66 ,12049.85 ,12075.96 
03/12/2007,12275.68 ,12385.44 ,12205.58 ,12318.62 
03/09/2007,12262.06 ,12379.51 ,12200.62 ,12276.32 
03/08/2007,12193.33 ,12355.47 ,12183.79 ,12260.70 
03/07/2007,12204.46 ,12315.18 ,12122.11 ,12192.45 
03/06/2007,12051.17 ,12252.61 ,12060.58 ,12207.59 
03/05/2007,12111.61 ,12220.16 ,11973.58 ,12050.41 
03/02/2007,12233.78 ,12293.15 ,12064.91 ,12114.10 
03/01/2007,12265.59 ,12338.89 ,11996.17 ,12234.34 
02/28/2007,12214.92 ,12396.81 ,12122.03 ,12268.63 
02/27/2007,12628.90 ,12587.72 ,12078.85 ,12216.24 
02/26/2007,12647.88 ,12746.34 ,12562.72 ,12632.26 
02/23/2007,12679.89 ,12726.79 ,12578.51 ,12647.48 
02/22/2007,12735.77 ,12792.97 ,12621.93 ,12686.02 
02/21/2007,12782.87 ,12813.88 ,12662.79 ,12738.41 
02/20/2007,12766.85 ,12845.76 ,12675.04 ,12786.64 
02/16/2007,12764.13 ,12829.42 ,12685.86 ,12767.57 
02/15/2007,12741.70 ,12828.38 ,12681.85 ,12765.01 
02/14/2007,12651.29 ,12793.29 ,12623.21 ,12741.86 
02/13/2007,12549.19 ,12702.36 ,12551.51 ,12654.85 
02/12/2007,12580.11 ,12654.69 ,12502.40 ,12552.55 
02/09/2007,12638.03 ,12725.59 ,12518.58 ,12580.83 
02/08/2007,12665.67 ,12704.04 ,12542.14 ,12637.63 
02/07/2007,12656.86 ,12748.99 ,12589.56 ,12666.87 
02/06/2007,12661.66 ,12738.41 ,12586.44 ,12666.31 
02/05/2007,12653.41 ,12730.56 ,12586.20 ,12661.74 
02/02/2007,12673.84 ,12740.65 ,12582.99 ,12653.49 
02/01/2007,12617.20 ,12741.30 ,12563.85 ,12673.68 
01/31/2007,12520.03 ,12685.54 ,12461.30 ,12621.69 
01/30/2007,12492.23 ,12597.01 ,12414.52 ,12523.31 
01/29/2007,12487.10 ,12599.74 ,12422.93 ,12490.78 
01/26/2007,12503.28 ,12582.67 ,12391.44 ,12487.02 
01/25/2007,12621.77 ,12670.48 ,12461.54 ,12502.56 
01/24/2007,12534.37 ,12659.42 ,12489.98 ,12621.77 
01/23/2007,12477.81 ,12610.71 ,12401.94 ,12533.80 
01/22/2007,12566.33 ,12619.04 ,12389.68 ,12477.16 
01/19/2007,12567.93 ,12649.89 ,12462.50 ,12565.53 
01/18/2007,12575.06 ,12674.16 ,12487.90 ,12567.93 
01/17/2007,12571.46 ,12666.71 ,12496.55 ,12577.15 
01/16/2007,12555.84 ,12638.27 ,12489.90 ,12582.59 
01/12/2007,12514.66 ,12616.08 ,12432.30 ,12556.08 
01/11/2007,12442.96 ,12586.12 ,12413.72 ,12514.98 
01/10/2007,12417.00 ,12487.18 ,12313.01 ,12442.16 
01/09/2007,12424.77 ,12516.66 ,12337.85 ,12416.60 
01/08/2007,12392.01 ,12489.50 ,12298.59 ,12423.49 
01/05/2007,12480.05 ,12504.40 ,12326.79 ,12398.01 
01/04/2007,12473.16 ,12560.96 ,12357.56 ,12480.69 
01/03/2007,12459.54 ,12630.34 ,12373.82 ,12474.52 